fd_id,date,competition,season,stage,status,home_team,away_team,home_score,away_score,winner
428747,2024-06-14,European Championship,2024,GROUP_STAGE,FINISHED,Germany,Scotland,5,1,HOME_TEAM
428746,2024-06-15,European Championship,2024,GROUP_STAGE,FINISHED,Hungary,Switzerland,1,3,AWAY_TEAM
428753,2024-06-15,European Championship,2024,GROUP_STAGE,FINISHED,Spain,Croatia,3,0,HOME_TEAM
428752,2024-06-15,European Championship,2024,GROUP_STAGE,FINISHED,Italy,Albania,2,1,HOME_TEAM
428765,2024-06-16,European Championship,2024,GROUP_STAGE,FINISHED,Poland,Netherlands,1,2,AWAY_TEAM
428758,2024-06-16,European Championship,2024,GROUP_STAGE,FINISHED,Slovenia,Denmark,1,1,DRAW
428759,2024-06-16,European Championship,2024,GROUP_STAGE,FINISHED,Serbia,England,0,1,AWAY_TEAM
428770,2024-06-17,European Championship,2024,GROUP_STAGE,FINISHED,Romania,Ukraine,3,0,HOME_TEAM
428771,2024-06-17,European Championship,2024,GROUP_STAGE,FINISHED,Belgium,Slovakia,0,1,AWAY_TEAM
428764,2024-06-17,European Championship,2024,GROUP_STAGE,FINISHED,Austria,France,0,1,AWAY_TEAM
428776,2024-06-18,European Championship,2024,GROUP_STAGE,FINISHED,Turkey,Georgia,3,1,HOME_TEAM
428777,2024-06-18,European Championship,2024,GROUP_STAGE,FINISHED,Portugal,Czechia,2,1,HOME_TEAM
428751,2024-06-19,European Championship,2024,GROUP_STAGE,FINISHED,Croatia,Albania,2,2,DRAW
428744,2024-06-19,European Championship,2024,GROUP_STAGE,FINISHED,Germany,Hungary,2,0,HOME_TEAM
428745,2024-06-19,European Championship,2024,GROUP_STAGE,FINISHED,Scotland,Switzerland,1,1,DRAW
428756,2024-06-20,European Championship,2024,GROUP_STAGE,FINISHED,Slovenia,Serbia,1,1,DRAW
428757,2024-06-20,European Championship,2024,GROUP_STAGE,FINISHED,Denmark,England,1,1,DRAW
428750,2024-06-20,European Championship,2024,GROUP_STAGE,FINISHED,Spain,Italy,1,0,HOME_TEAM
428769,2024-06-21,European Championship,2024,GROUP_STAGE,FINISHED,Slovakia,Ukraine,1,2,AWAY_TEAM
428763,2024-06-21,European Championship,2024,GROUP_STAGE,FINISHED,Poland,Austria,1,3,AWAY_TEAM
428762,2024-06-21,European Championship,2024,GROUP_STAGE,FINISHED,Netherlands,France,0,0,DRAW
428775,2024-06-22,European Championship,2024,GROUP_STAGE,FINISHED,Georgia,Czechia,1,1,DRAW
428774,2024-06-22,European Championship,2024,GROUP_STAGE,FINISHED,Turkey,Portugal,0,3,AWAY_TEAM
428768,2024-06-22,European Championship,2024,GROUP_STAGE,FINISHED,Belgium,Romania,2,0,HOME_TEAM
428742,2024-06-23,European Championship,2024,GROUP_STAGE,FINISHED,Scotland,Hungary,0,1,AWAY_TEAM
428743,2024-06-23,European Championship,2024,GROUP_STAGE,FINISHED,Switzerland,Germany,1,1,DRAW
428748,2024-06-24,European Championship,2024,GROUP_STAGE,FINISHED,Albania,Spain,0,1,AWAY_TEAM
428749,2024-06-24,European Championship,2024,GROUP_STAGE,FINISHED,Croatia,Italy,1,1,DRAW
428760,2024-06-25,European Championship,2024,GROUP_STAGE,FINISHED,France,Poland,1,1,DRAW
428761,2024-06-25,European Championship,2024,GROUP_STAGE,FINISHED,Netherlands,Austria,2,3,AWAY_TEAM
428754,2024-06-25,European Championship,2024,GROUP_STAGE,FINISHED,Denmark,Serbia,0,0,DRAW
428755,2024-06-25,European Championship,2024,GROUP_STAGE,FINISHED,England,Slovenia,0,0,DRAW
428766,2024-06-26,European Championship,2024,GROUP_STAGE,FINISHED,Ukraine,Belgium,0,0,DRAW
428767,2024-06-26,European Championship,2024,GROUP_STAGE,FINISHED,Slovakia,Romania,1,1,DRAW
428772,2024-06-26,European Championship,2024,GROUP_STAGE,FINISHED,Czechia,Turkey,1,2,AWAY_TEAM
428773,2024-06-26,European Championship,2024,GROUP_STAGE,FINISHED,Georgia,Portugal,2,0,HOME_TEAM
428791,2024-06-29,European Championship,2024,LAST_16,FINISHED,Switzerland,Italy,2,0,HOME_TEAM
428792,2024-06-29,European Championship,2024,LAST_16,FINISHED,Germany,Denmark,2,0,HOME_TEAM
428789,2024-06-30,European Championship,2024,LAST_16,FINISHED,England,Slovakia,2,1,HOME_TEAM
428790,2024-06-30,European Championship,2024,LAST_16,FINISHED,Spain,Georgia,4,1,HOME_TEAM
428787,2024-07-01,European Championship,2024,LAST_16,FINISHED,France,Belgium,1,0,HOME_TEAM
428788,2024-07-01,European Championship,2024,LAST_16,FINISHED,Portugal,Slovenia,3,0,HOME_TEAM
428786,2024-07-02,European Championship,2024,LAST_16,FINISHED,Romania,Netherlands,0,3,AWAY_TEAM
428785,2024-07-02,European Championship,2024,LAST_16,FINISHED,Austria,Turkey,1,2,AWAY_TEAM
495401,2024-07-05,European Championship,2024,QUARTER_FINALS,FINISHED,Spain,Germany,2,1,HOME_TEAM
495402,2024-07-05,European Championship,2024,QUARTER_FINALS,FINISHED,Portugal,France,3,5,AWAY_TEAM
495403,2024-07-06,European Championship,2024,QUARTER_FINALS,FINISHED,England,Switzerland,6,4,HOME_TEAM
495404,2024-07-06,European Championship,2024,QUARTER_FINALS,FINISHED,Netherlands,Turkey,2,1,HOME_TEAM
428780,2024-07-09,European Championship,2024,SEMI_FINALS,FINISHED,Spain,France,2,1,HOME_TEAM
428779,2024-07-10,European Championship,2024,SEMI_FINALS,FINISHED,Netherlands,England,1,2,AWAY_TEAM
428778,2024-07-14,European Championship,2024,FINAL,FINISHED,Spain,England,2,1,HOME_TEAM
524039,2024-09-17,UEFA Champions League,2024,LEAGUE_STAGE,FINISHED,BSC Young Boys,Aston Villa FC,0,3,AWAY_TEAM
523998,2024-09-17,UEFA Champions League,2024,LEAGUE_STAGE,FINISHED,Juventus FC,PSV,3,1,HOME_TEAM
524034,2024-09-17,UEFA Champions League,2024,LEAGUE_STAGE,FINISHED,Sporting Clube de Portugal,Lille OSC,2,0,HOME_TEAM
523934,2024-09-17,UEFA Champions League,2024,LEAGUE_STAGE,FINISHED,FC Bayern München,GNK Dinamo Zagreb,9,2,HOME_TEAM
523967,2024-09-17,UEFA Champions League,2024,LEAGUE_STAGE,FINISHED,Real Madrid CF,VfB Stuttgart,3,1,HOME_TEAM
523968,2024-09-17,UEFA Champions League,2024,LEAGUE_STAGE,FINISHED,AC Milan,Liverpool FC,1,3,AWAY_TEAM
524049,2024-09-18,UEFA Champions League,2024,LEAGUE_STAGE,FINISHED,Bologna FC 1909,FK Shakhtar Donetsk,0,0,DRAW
524062,2024-09-18,UEFA Champions League,2024,LEAGUE_STAGE,FINISHED,AC Sparta Praha,FC Red Bull Salzburg,3,0,HOME_TEAM
523952,2024-09-18,UEFA Champions League,2024,LEAGUE_STAGE,FINISHED,Manchester City FC,FC Internazionale Milano,0,0,DRAW
523959,2024-09-18,UEFA Champions League,2024,LEAGUE_STAGE,FINISHED,Paris Saint-Germain FC,Girona FC,1,0,HOME_TEAM
523988,2024-09-18,UEFA Champions League,2024,LEAGUE_STAGE,FINISHED,Club Brugge KV,Borussia Dortmund,0,3,AWAY_TEAM
524007,2024-09-18,UEFA Champions League,2024,LEAGUE_STAGE,FINISHED,Celtic FC,ŠK Slovan Bratislava,5,1,HOME_TEAM
524013,2024-09-19,UEFA Champions League,2024,LEAGUE_STAGE,FINISHED,Feyenoord Rotterdam,Bayer 04 Leverkusen,0,4,AWAY_TEAM
524029,2024-09-19,UEFA Champions League,2024,LEAGUE_STAGE,FINISHED,FK Crvena Zvezda,Sport Lisboa e Benfica,1,2,AWAY_TEAM
524040,2024-09-19,UEFA Champions League,2024,LEAGUE_STAGE,FINISHED,AS Monaco FC,FC Barcelona,2,1,HOME_TEAM
524067,2024-09-19,UEFA Champions League,2024,LEAGUE_STAGE,FINISHED,Stade Brestois 29,SK Sturm Graz,2,1,HOME_TEAM
523973,2024-09-19,UEFA Champions League,2024,LEAGUE_STAGE,FINISHED,Atalanta BC,Arsenal FC,0,0,DRAW
523976,2024-09-19,UEFA Champions League,2024,LEAGUE_STAGE,FINISHED,Club Atlético de Madrid,RB Leipzig,2,1,HOME_TEAM
524075,2024-10-01,UEFA Champions League,2024,LEAGUE_STAGE,FINISHED,VfB Stuttgart,AC Sparta Praha,1,1,DRAW
524027,2024-10-01,UEFA Champions League,2024,LEAGUE_STAGE,FINISHED,FC Red Bull Salzburg,Stade Brestois 29,0,4,AWAY_TEAM
524056,2024-10-01,UEFA Champions League,2024,LEAGUE_STAGE,FINISHED,ŠK Slovan Bratislava,Manchester City FC,0,4,AWAY_TEAM
523938,2024-10-01,UEFA Champions League,2024,LEAGUE_STAGE,FINISHED,Borussia Dortmund,Celtic FC,7,1,HOME_TEAM
523942,2024-10-01,UEFA Champions League,2024,LEAGUE_STAGE,FINISHED,FC Barcelona,BSC Young Boys,5,0,HOME_TEAM
523950,2024-10-01,UEFA Champions League,2024,LEAGUE_STAGE,FINISHED,FC Internazionale Milano,FK Crvena Zvezda,4,0,HOME_TEAM
523981,2024-10-01,UEFA Champions League,2024,LEAGUE_STAGE,FINISHED,Bayer 04 Leverkusen,AC Milan,1,0,HOME_TEAM
523992,2024-10-01,UEFA Champions League,2024,LEAGUE_STAGE,FINISHED,Arsenal FC,Paris Saint-Germain FC,2,0,HOME_TEAM
524022,2024-10-01,UEFA Champions League,2024,LEAGUE_STAGE,FINISHED,PSV,Sporting Clube de Portugal,1,1,DRAW
524054,2024-10-02,UEFA Champions League,2024,LEAGUE_STAGE,FINISHED,Girona FC,Feyenoord Rotterdam,2,3,AWAY_TEAM
524001,2024-10-02,UEFA Champions League,2024,LEAGUE_STAGE,FINISHED,FK Shakhtar Donetsk,Atalanta BC,0,3,AWAY_TEAM
524044,2024-10-02,UEFA Champions League,2024,LEAGUE_STAGE,FINISHED,Aston Villa FC,FC Bayern München,1,0,HOME_TEAM
524069,2024-10-02,UEFA Champions League,2024,LEAGUE_STAGE,FINISHED,SK Sturm Graz,Club Brugge KV,0,1,AWAY_TEAM
523947,2024-10-02,UEFA Champions League,2024,LEAGUE_STAGE,FINISHED,Liverpool FC,Bologna FC 1909,2,0,HOME_TEAM
523961,2024-10-02,UEFA Champions League,2024,LEAGUE_STAGE,FINISHED,RB Leipzig,Juventus FC,2,3,AWAY_TEAM
523985,2024-10-02,UEFA Champions League,2024,LEAGUE_STAGE,FINISHED,Sport Lisboa e Benfica,Club Atlético de Madrid,4,0,HOME_TEAM
524011,2024-10-02,UEFA Champions League,2024,LEAGUE_STAGE,FINISHED,GNK Dinamo Zagreb,AS Monaco FC,2,2,DRAW
524016,2024-10-02,UEFA Champions League,2024,LEAGUE_STAGE,FINISHED,Lille OSC,Real Madrid CF,1,0,HOME_TEAM
524042,2024-10-22,UEFA Champions League,2024,LEAGUE_STAGE,FINISHED,AS Monaco FC,FK Crvena Zvezda,5,1,HOME_TEAM
523969,2024-10-22,UEFA Champions League,2024,LEAGUE_STAGE,FINISHED,AC Milan,Club Brugge KV,3,1,HOME_TEAM
524047,2024-10-22,UEFA Champions League,2024,LEAGUE_STAGE,FINISHED,Aston Villa FC,Bologna FC 1909,2,0,HOME_TEAM
524055,2024-10-22,UEFA Champions League,2024,LEAGUE_STAGE,FINISHED,Girona FC,ŠK Slovan Bratislava,2,0,HOME_TEAM
524070,2024-10-22,UEFA Champions League,2024,LEAGUE_STAGE,FINISHED,SK Sturm Graz,Sporting Clube de Portugal,0,2,AWAY_TEAM
523958,2024-10-22,UEFA Champions League,2024,LEAGUE_STAGE,FINISHED,Paris Saint-Germain FC,PSV,1,1,DRAW
523964,2024-10-22,UEFA Champions League,2024,LEAGUE_STAGE,FINISHED,Real Madrid CF,Borussia Dortmund,5,2,HOME_TEAM
523993,2024-10-22,UEFA Champions League,2024,LEAGUE_STAGE,FINISHED,Arsenal FC,FK Shakhtar Donetsk,1,0,HOME_TEAM
523999,2024-10-22,UEFA Champions League,2024,LEAGUE_STAGE,FINISHED,Juventus FC,VfB Stuttgart,0,1,AWAY_TEAM
524065,2024-10-23,UEFA Champions League,2024,LEAGUE_STAGE,FINISHED,Stade Brestois 29,Bayer 04 Leverkusen,1,1,DRAW
523974,2024-10-23,UEFA Champions League,2024,LEAGUE_STAGE,FINISHED,Atalanta BC,Celtic FC,0,0,DRAW
524036,2024-10-23,UEFA Champions League,2024,LEAGUE_STAGE,FINISHED,BSC Young Boys,FC Internazionale Milano,0,1,AWAY_TEAM
523940,2024-10-23,UEFA Champions League,2024,LEAGUE_STAGE,FINISHED,FC Barcelona,FC Bayern München,4,1,HOME_TEAM
523955,2024-10-23,UEFA Champions League,2024,LEAGUE_STAGE,FINISHED,Manchester City FC,AC Sparta Praha,5,0,HOME_TEAM
523960,2024-10-23,UEFA Champions League,2024,LEAGUE_STAGE,FINISHED,RB Leipzig,Liverpool FC,0,1,AWAY_TEAM
523978,2024-10-23,UEFA Champions League,2024,LEAGUE_STAGE,FINISHED,Club Atlético de Madrid,Lille OSC,1,3,AWAY_TEAM
523986,2024-10-23,UEFA Champions League,2024,LEAGUE_STAGE,FINISHED,Sport Lisboa e Benfica,Feyenoord Rotterdam,1,3,AWAY_TEAM
524026,2024-10-23,UEFA Champions League,2024,LEAGUE_STAGE,FINISHED,FC Red Bull Salzburg,GNK Dinamo Zagreb,0,2,AWAY_TEAM
524058,2024-11-05,UEFA Champions League,2024,LEAGUE_STAGE,FINISHED,ŠK Slovan Bratislava,GNK Dinamo Zagreb,1,4,AWAY_TEAM
524023,2024-11-05,UEFA Champions League,2024,LEAGUE_STAGE,FINISHED,PSV,Girona FC,4,0,HOME_TEAM
524032,2024-11-05,UEFA Champions League,2024,LEAGUE_STAGE,FINISHED,Sporting Clube de Portugal,Manchester City FC,4,1,HOME_TEAM
524051,2024-11-05,UEFA Champions League,2024,LEAGUE_STAGE,FINISHED,Bologna FC 1909,AS Monaco FC,0,1,AWAY_TEAM
523939,2024-11-05,UEFA Champions League,2024,LEAGUE_STAGE,FINISHED,Borussia Dortmund,SK Sturm Graz,1,0,HOME_TEAM
523945,2024-11-05,UEFA Champions League,2024,LEAGUE_STAGE,FINISHED,Liverpool FC,Bayer 04 Leverkusen,4,0,HOME_TEAM
523965,2024-11-05,UEFA Champions League,2024,LEAGUE_STAGE,FINISHED,Real Madrid CF,AC Milan,1,3,AWAY_TEAM
524004,2024-11-05,UEFA Champions League,2024,LEAGUE_STAGE,FINISHED,Celtic FC,RB Leipzig,3,1,HOME_TEAM
524017,2024-11-05,UEFA Champions League,2024,LEAGUE_STAGE,FINISHED,Lille OSC,Juventus FC,1,1,DRAW
523991,2024-11-06,UEFA Champions League,2024,LEAGUE_STAGE,FINISHED,Club Brugge KV,Aston Villa FC,1,0,HOME_TEAM
524002,2024-11-06,UEFA Champions League,2024,LEAGUE_STAGE,FINISHED,FK Shakhtar Donetsk,BSC Young Boys,2,1,HOME_TEAM
524063,2024-11-06,UEFA Champions League,2024,LEAGUE_STAGE,FINISHED,AC Sparta Praha,Stade Brestois 29,1,2,AWAY_TEAM
524073,2024-11-06,UEFA Champions League,2024,LEAGUE_STAGE,FINISHED,VfB Stuttgart,Atalanta BC,0,2,AWAY_TEAM
523949,2024-11-06,UEFA Champions League,2024,LEAGUE_STAGE,FINISHED,FC Internazionale Milano,Arsenal FC,1,0,HOME_TEAM
523957,2024-11-06,UEFA Champions League,2024,LEAGUE_STAGE,FINISHED,Paris Saint-Germain FC,Club Atlético de Madrid,1,2,AWAY_TEAM
524014,2024-11-06,UEFA Champions League,2024,LEAGUE_STAGE,FINISHED,Feyenoord Rotterdam,FC Red Bull Salzburg,1,3,AWAY_TEAM
524028,2024-11-06,UEFA Champions League,2024,LEAGUE_STAGE,FINISHED,FK Crvena Zvezda,FC Barcelona,2,5,AWAY_TEAM
523933,2024-11-06,UEFA Champions League,2024,LEAGUE_STAGE,FINISHED,FC Bayern München,Sport Lisboa e Benfica,1,0,HOME_TEAM
524057,2024-11-26,UEFA Champions League,2024,LEAGUE_STAGE,FINISHED,ŠK Slovan Bratislava,AC Milan,2,3,AWAY_TEAM
524061,2024-11-26,UEFA Champions League,2024,LEAGUE_STAGE,FINISHED,AC Sparta Praha,Club Atlético de Madrid,0,6,AWAY_TEAM
524033,2024-11-26,UEFA Champions League,2024,LEAGUE_STAGE,FINISHED,Sporting Clube de Portugal,Arsenal FC,1,5,AWAY_TEAM
524037,2024-11-26,UEFA Champions League,2024,LEAGUE_STAGE,FINISHED,BSC Young Boys,Atalanta BC,1,6,AWAY_TEAM
523932,2024-11-26,UEFA Champions League,2024,LEAGUE_STAGE,FINISHED,FC Bayern München,Paris Saint-Germain FC,1,0,HOME_TEAM
523943,2024-11-26,UEFA Champions League,2024,LEAGUE_STAGE,FINISHED,FC Barcelona,Stade Brestois 29,3,0,HOME_TEAM
523948,2024-11-26,UEFA Champions League,2024,LEAGUE_STAGE,FINISHED,FC Internazionale Milano,RB Leipzig,1,0,HOME_TEAM
523954,2024-11-26,UEFA Champions League,2024,LEAGUE_STAGE,FINISHED,Manchester City FC,Feyenoord Rotterdam,3,3,DRAW
523982,2024-11-26,UEFA Champions League,2024,LEAGUE_STAGE,FINISHED,Bayer 04 Leverkusen,FC Red Bull Salzburg,5,0,HOME_TEAM
524071,2024-11-27,UEFA Champions League,2024,LEAGUE_STAGE,FINISHED,SK Sturm Graz,Girona FC,1,0,HOME_TEAM
524031,2024-11-27,UEFA Champions League,2024,LEAGUE_STAGE,FINISHED,FK Crvena Zvezda,VfB Stuttgart,5,1,HOME_TEAM
524041,2024-11-27,UEFA Champions League,2024,LEAGUE_STAGE,FINISHED,AS Monaco FC,Sport Lisboa e Benfica,2,3,AWAY_TEAM
524045,2024-11-27,UEFA Champions League,2024,LEAGUE_STAGE,FINISHED,Aston Villa FC,Juventus FC,0,0,DRAW
524050,2024-11-27,UEFA Champions League,2024,LEAGUE_STAGE,FINISHED,Bologna FC 1909,Lille OSC,1,2,AWAY_TEAM
523944,2024-11-27,UEFA Champions League,2024,LEAGUE_STAGE,FINISHED,Liverpool FC,Real Madrid CF,2,0,HOME_TEAM
524005,2024-11-27,UEFA Champions League,2024,LEAGUE_STAGE,FINISHED,Celtic FC,Club Brugge KV,1,1,DRAW
524008,2024-11-27,UEFA Champions League,2024,LEAGUE_STAGE,FINISHED,GNK Dinamo Zagreb,Borussia Dortmund,0,3,AWAY_TEAM
524021,2024-11-27,UEFA Champions League,2024,LEAGUE_STAGE,FINISHED,PSV,FK Shakhtar Donetsk,3,2,HOME_TEAM
524052,2024-12-10,UEFA Champions League,2024,LEAGUE_STAGE,FINISHED,Girona FC,Liverpool FC,0,1,AWAY_TEAM
524010,2024-12-10,UEFA Champions League,2024,LEAGUE_STAGE,FINISHED,GNK Dinamo Zagreb,Celtic FC,0,0,DRAW
524066,2024-12-10,UEFA Champions League,2024,LEAGUE_STAGE,FINISHED,Stade Brestois 29,PSV,1,0,HOME_TEAM
523963,2024-12-10,UEFA Champions League,2024,LEAGUE_STAGE,FINISHED,RB Leipzig,Aston Villa FC,2,3,AWAY_TEAM
523972,2024-12-10,UEFA Champions League,2024,LEAGUE_STAGE,FINISHED,Atalanta BC,Real Madrid CF,2,3,AWAY_TEAM
523980,2024-12-10,UEFA Champions League,2024,LEAGUE_STAGE,FINISHED,Bayer 04 Leverkusen,FC Internazionale Milano,1,0,HOME_TEAM
523990,2024-12-10,UEFA Champions League,2024,LEAGUE_STAGE,FINISHED,Club Brugge KV,Sporting Clube de Portugal,2,1,HOME_TEAM
524000,2024-12-10,UEFA Champions League,2024,LEAGUE_STAGE,FINISHED,FK Shakhtar Donetsk,FC Bayern München,1,5,AWAY_TEAM
524024,2024-12-10,UEFA Champions League,2024,LEAGUE_STAGE,FINISHED,FC Red Bull Salzburg,Paris Saint-Germain FC,0,3,AWAY_TEAM
523979,2024-12-11,UEFA Champions League,2024,LEAGUE_STAGE,FINISHED,Club Atlético de Madrid,ŠK Slovan Bratislava,3,1,HOME_TEAM
524019,2024-12-11,UEFA Champions League,2024,LEAGUE_STAGE,FINISHED,Lille OSC,SK Sturm Graz,3,2,HOME_TEAM
524074,2024-12-11,UEFA Champions League,2024,LEAGUE_STAGE,FINISHED,VfB Stuttgart,BSC Young Boys,5,1,HOME_TEAM
523936,2024-12-11,UEFA Champions League,2024,LEAGUE_STAGE,FINISHED,Borussia Dortmund,FC Barcelona,2,3,AWAY_TEAM
523970,2024-12-11,UEFA Champions League,2024,LEAGUE_STAGE,FINISHED,AC Milan,FK Crvena Zvezda,2,1,HOME_TEAM
523987,2024-12-11,UEFA Champions League,2024,LEAGUE_STAGE,FINISHED,Sport Lisboa e Benfica,Bologna FC 1909,0,0,DRAW
523995,2024-12-11,UEFA Champions League,2024,LEAGUE_STAGE,FINISHED,Arsenal FC,AS Monaco FC,3,0,HOME_TEAM
523996,2024-12-11,UEFA Champions League,2024,LEAGUE_STAGE,FINISHED,Juventus FC,Manchester City FC,2,0,HOME_TEAM
524015,2024-12-11,UEFA Champions League,2024,LEAGUE_STAGE,FINISHED,Feyenoord Rotterdam,AC Sparta Praha,4,2,HOME_TEAM
524043,2025-01-21,UEFA Champions League,2024,LEAGUE_STAGE,FINISHED,AS Monaco FC,Aston Villa FC,1,0,HOME_TEAM
523975,2025-01-21,UEFA Champions League,2024,LEAGUE_STAGE,FINISHED,Atalanta BC,SK Sturm Graz,5,0,HOME_TEAM
524048,2025-01-21,UEFA Champions League,2024,LEAGUE_STAGE,FINISHED,Bologna FC 1909,Borussia Dortmund,2,1,HOME_TEAM
524059,2025-01-21,UEFA Champions League,2024,LEAGUE_STAGE,FINISHED,ŠK Slovan Bratislava,VfB Stuttgart,1,3,AWAY_TEAM
523946,2025-01-21,UEFA Champions League,2024,LEAGUE_STAGE,FINISHED,Liverpool FC,Lille OSC,2,1,HOME_TEAM
523977,2025-01-21,UEFA Champions League,2024,LEAGUE_STAGE,FINISHED,Club Atlético de Madrid,Bayer 04 Leverkusen,2,1,HOME_TEAM
523984,2025-01-21,UEFA Champions League,2024,LEAGUE_STAGE,FINISHED,Sport Lisboa e Benfica,FC Barcelona,4,5,AWAY_TEAM
523989,2025-01-21,UEFA Champions League,2024,LEAGUE_STAGE,FINISHED,Club Brugge KV,Juventus FC,0,0,DRAW
524030,2025-01-21,UEFA Champions League,2024,LEAGUE_STAGE,FINISHED,FK Crvena Zvezda,PSV,2,3,AWAY_TEAM
523962,2025-01-22,UEFA Champions League,2024,LEAGUE_STAGE,FINISHED,RB Leipzig,Sporting Clube de Portugal,2,1,HOME_TEAM
524003,2025-01-22,UEFA Champions League,2024,LEAGUE_STAGE,FINISHED,FK Shakhtar Donetsk,Stade Brestois 29,2,0,HOME_TEAM
524060,2025-01-22,UEFA Champions League,2024,LEAGUE_STAGE,FINISHED,AC Sparta Praha,FC Internazionale Milano,0,1,AWAY_TEAM
523956,2025-01-22,UEFA Champions League,2024,LEAGUE_STAGE,FINISHED,Paris Saint-Germain FC,Manchester City FC,4,2,HOME_TEAM
523966,2025-01-22,UEFA Champions League,2024,LEAGUE_STAGE,FINISHED,Real Madrid CF,FC Red Bull Salzburg,5,1,HOME_TEAM
523971,2025-01-22,UEFA Champions League,2024,LEAGUE_STAGE,FINISHED,AC Milan,Girona FC,1,0,HOME_TEAM
523994,2025-01-22,UEFA Champions League,2024,LEAGUE_STAGE,FINISHED,Arsenal FC,GNK Dinamo Zagreb,3,0,HOME_TEAM
524006,2025-01-22,UEFA Champions League,2024,LEAGUE_STAGE,FINISHED,Celtic FC,BSC Young Boys,1,0,HOME_TEAM
524012,2025-01-22,UEFA Champions League,2024,LEAGUE_STAGE,FINISHED,Feyenoord Rotterdam,FC Bayern München,3,0,HOME_TEAM
524035,2025-01-29,UEFA Champions League,2024,LEAGUE_STAGE,FINISHED,Sporting Clube de Portugal,Bologna FC 1909,1,1,DRAW
524038,2025-01-29,UEFA Champions League,2024,LEAGUE_STAGE,FINISHED,BSC Young Boys,FK Crvena Zvezda,0,1,AWAY_TEAM
524046,2025-01-29,UEFA Champions League,2024,LEAGUE_STAGE,FINISHED,Aston Villa FC,Celtic FC,4,2,HOME_TEAM
524053,2025-01-29,UEFA Champions League,2024,LEAGUE_STAGE,FINISHED,Girona FC,Arsenal FC,1,2,AWAY_TEAM
524064,2025-01-29,UEFA Champions League,2024,LEAGUE_STAGE,FINISHED,Stade Brestois 29,Real Madrid CF,0,3,AWAY_TEAM
524068,2025-01-29,UEFA Champions League,2024,LEAGUE_STAGE,FINISHED,SK Sturm Graz,RB Leipzig,1,0,HOME_TEAM
524072,2025-01-29,UEFA Champions League,2024,LEAGUE_STAGE,FINISHED,VfB Stuttgart,Paris Saint-Germain FC,1,4,AWAY_TEAM
523935,2025-01-29,UEFA Champions League,2024,LEAGUE_STAGE,FINISHED,FC Bayern München,ŠK Slovan Bratislava,3,1,HOME_TEAM
523937,2025-01-29,UEFA Champions League,2024,LEAGUE_STAGE,FINISHED,Borussia Dortmund,FK Shakhtar Donetsk,3,1,HOME_TEAM
523941,2025-01-29,UEFA Champions League,2024,LEAGUE_STAGE,FINISHED,FC Barcelona,Atalanta BC,2,2,DRAW
523951,2025-01-29,UEFA Champions League,2024,LEAGUE_STAGE,FINISHED,FC Internazionale Milano,AS Monaco FC,3,0,HOME_TEAM
523953,2025-01-29,UEFA Champions League,2024,LEAGUE_STAGE,FINISHED,Manchester City FC,Club Brugge KV,3,1,HOME_TEAM
523983,2025-01-29,UEFA Champions League,2024,LEAGUE_STAGE,FINISHED,Bayer 04 Leverkusen,AC Sparta Praha,2,0,HOME_TEAM
523997,2025-01-29,UEFA Champions League,2024,LEAGUE_STAGE,FINISHED,Juventus FC,Sport Lisboa e Benfica,0,2,AWAY_TEAM
524009,2025-01-29,UEFA Champions League,2024,LEAGUE_STAGE,FINISHED,GNK Dinamo Zagreb,AC Milan,2,1,HOME_TEAM
524018,2025-01-29,UEFA Champions League,2024,LEAGUE_STAGE,FINISHED,Lille OSC,Feyenoord Rotterdam,6,1,HOME_TEAM
524020,2025-01-29,UEFA Champions League,2024,LEAGUE_STAGE,FINISHED,PSV,Liverpool FC,3,2,HOME_TEAM
524025,2025-01-29,UEFA Champions League,2024,LEAGUE_STAGE,FINISHED,FC Red Bull Salzburg,Club Atlético de Madrid,1,4,AWAY_TEAM
524076,2025-02-11,UEFA Champions League,2024,PLAYOFFS,FINISHED,Stade Brestois 29,Paris Saint-Germain FC,0,3,AWAY_TEAM
524077,2025-02-11,UEFA Champions League,2024,PLAYOFFS,FINISHED,Manchester City FC,Real Madrid CF,2,3,AWAY_TEAM
524081,2025-02-11,UEFA Champions League,2024,PLAYOFFS,FINISHED,Juventus FC,PSV,2,1,HOME_TEAM
524082,2025-02-11,UEFA Champions League,2024,PLAYOFFS,FINISHED,Sporting Clube de Portugal,Borussia Dortmund,0,3,AWAY_TEAM
524080,2025-02-12,UEFA Champions League,2024,PLAYOFFS,FINISHED,Club Brugge KV,Atalanta BC,2,1,HOME_TEAM
524078,2025-02-12,UEFA Champions League,2024,PLAYOFFS,FINISHED,AS Monaco FC,Sport Lisboa e Benfica,0,1,AWAY_TEAM
524079,2025-02-12,UEFA Champions League,2024,PLAYOFFS,FINISHED,Celtic FC,FC Bayern München,1,2,AWAY_TEAM
524083,2025-02-12,UEFA Champions League,2024,PLAYOFFS,FINISHED,Feyenoord Rotterdam,AC Milan,1,0,HOME_TEAM
524091,2025-02-18,UEFA Champions League,2024,PLAYOFFS,FINISHED,AC Milan,Feyenoord Rotterdam,1,1,DRAW
524086,2025-02-18,UEFA Champions League,2024,PLAYOFFS,FINISHED,Sport Lisboa e Benfica,AS Monaco FC,3,3,DRAW
524087,2025-02-18,UEFA Champions League,2024,PLAYOFFS,FINISHED,FC Bayern München,Celtic FC,1,1,DRAW
524088,2025-02-18,UEFA Champions League,2024,PLAYOFFS,FINISHED,Atalanta BC,Club Brugge KV,1,3,AWAY_TEAM
524090,2025-02-19,UEFA Champions League,2024,PLAYOFFS,FINISHED,Borussia Dortmund,Sporting Clube de Portugal,0,0,DRAW
524084,2025-02-19,UEFA Champions League,2024,PLAYOFFS,FINISHED,Paris Saint-Germain FC,Stade Brestois 29,7,0,HOME_TEAM
524085,2025-02-19,UEFA Champions League,2024,PLAYOFFS,FINISHED,Real Madrid CF,Manchester City FC,3,1,HOME_TEAM
524089,2025-02-19,UEFA Champions League,2024,PLAYOFFS,FINISHED,PSV,Juventus FC,3,1,HOME_TEAM
524093,2025-03-04,UEFA Champions League,2024,LAST_16,FINISHED,Club Brugge KV,Aston Villa FC,1,3,AWAY_TEAM
524094,2025-03-04,UEFA Champions League,2024,LAST_16,FINISHED,Real Madrid CF,Club Atlético de Madrid,2,1,HOME_TEAM
524095,2025-03-04,UEFA Champions League,2024,LAST_16,FINISHED,PSV,Arsenal FC,1,7,AWAY_TEAM
524098,2025-03-04,UEFA Champions League,2024,LAST_16,FINISHED,Borussia Dortmund,Lille OSC,1,1,DRAW
524096,2025-03-05,UEFA Champions League,2024,LAST_16,FINISHED,Feyenoord Rotterdam,FC Internazionale Milano,0,2,AWAY_TEAM
524092,2025-03-05,UEFA Champions League,2024,LAST_16,FINISHED,Paris Saint-Germain FC,Liverpool FC,0,1,AWAY_TEAM
524097,2025-03-05,UEFA Champions League,2024,LAST_16,FINISHED,FC Bayern München,Bayer 04 Leverkusen,3,0,HOME_TEAM
524099,2025-03-05,UEFA Champions League,2024,LAST_16,FINISHED,Sport Lisboa e Benfica,FC Barcelona,0,1,AWAY_TEAM
524107,2025-03-11,UEFA Champions League,2024,LAST_16,FINISHED,FC Barcelona,Sport Lisboa e Benfica,3,1,HOME_TEAM
524100,2025-03-11,UEFA Champions League,2024,LAST_16,FINISHED,Liverpool FC,Paris Saint-Germain FC,1,5,AWAY_TEAM
524104,2025-03-11,UEFA Champions League,2024,LAST_16,FINISHED,FC Internazionale Milano,Feyenoord Rotterdam,2,1,HOME_TEAM
524105,2025-03-11,UEFA Champions League,2024,LAST_16,FINISHED,Bayer 04 Leverkusen,FC Bayern München,0,2,AWAY_TEAM
524106,2025-03-12,UEFA Champions League,2024,LAST_16,FINISHED,Lille OSC,Borussia Dortmund,1,2,AWAY_TEAM
524101,2025-03-12,UEFA Champions League,2024,LAST_16,FINISHED,Aston Villa FC,Club Brugge KV,3,0,HOME_TEAM
524102,2025-03-12,UEFA Champions League,2024,LAST_16,FINISHED,Club Atlético de Madrid,Real Madrid CF,3,4,AWAY_TEAM
524103,2025-03-12,UEFA Champions League,2024,LAST_16,FINISHED,Arsenal FC,PSV,2,2,DRAW
524108,2025-04-08,UEFA Champions League,2024,QUARTER_FINALS,FINISHED,Arsenal FC,Real Madrid CF,3,0,HOME_TEAM
524111,2025-04-08,UEFA Champions League,2024,QUARTER_FINALS,FINISHED,FC Bayern München,FC Internazionale Milano,1,2,AWAY_TEAM
524109,2025-04-09,UEFA Champions League,2024,QUARTER_FINALS,FINISHED,Paris Saint-Germain FC,Aston Villa FC,3,1,HOME_TEAM
524110,2025-04-09,UEFA Champions League,2024,QUARTER_FINALS,FINISHED,FC Barcelona,Borussia Dortmund,4,0,HOME_TEAM
524113,2025-04-15,UEFA Champions League,2024,QUARTER_FINALS,FINISHED,Aston Villa FC,Paris Saint-Germain FC,3,2,HOME_TEAM
524114,2025-04-15,UEFA Champions League,2024,QUARTER_FINALS,FINISHED,Borussia Dortmund,FC Barcelona,3,1,HOME_TEAM
524112,2025-04-16,UEFA Champions League,2024,QUARTER_FINALS,FINISHED,Real Madrid CF,Arsenal FC,1,2,AWAY_TEAM
524115,2025-04-16,UEFA Champions League,2024,QUARTER_FINALS,FINISHED,FC Internazionale Milano,FC Bayern München,2,2,DRAW
524116,2025-04-29,UEFA Champions League,2024,SEMI_FINALS,FINISHED,Arsenal FC,Paris Saint-Germain FC,0,1,AWAY_TEAM
524117,2025-04-30,UEFA Champions League,2024,SEMI_FINALS,FINISHED,FC Barcelona,FC Internazionale Milano,3,3,DRAW
524119,2025-05-06,UEFA Champions League,2024,SEMI_FINALS,FINISHED,FC Internazionale Milano,FC Barcelona,4,3,HOME_TEAM
524118,2025-05-07,UEFA Champions League,2024,SEMI_FINALS,FINISHED,Paris Saint-Germain FC,Arsenal FC,2,1,HOME_TEAM
524120,2025-05-31,UEFA Champions League,2024,FINAL,FINISHED,Paris Saint-Germain FC,FC Internazionale Milano,5,0,HOME_TEAM
